business_id	key	value
mVHrayjG3uZ_RLHkLj-AMg	dj	False
KayYbHCt-RkbGcPdGOThNg	dj	False
fNGIbpazjTRdXgwRY_NIXA	dj	False
WETE_LykpcnrC1sFcQ5EGg	dj	False
WETE_LykpcnrC1sFcQ5EGg	background_music	False
WETE_LykpcnrC1sFcQ5EGg	jukebox	False
WETE_LykpcnrC1sFcQ5EGg	live	True
WETE_LykpcnrC1sFcQ5EGg	video	False
WETE_LykpcnrC1sFcQ5EGg	karaoke	False
MKyk4F4HSzHF8v-4cYe3Ww	dj	False
MKyk4F4HSzHF8v-4cYe3Ww	background_music	False
MKyk4F4HSzHF8v-4cYe3Ww	jukebox	False
MKyk4F4HSzHF8v-4cYe3Ww	live	True
MKyk4F4HSzHF8v-4cYe3Ww	video	False
MKyk4F4HSzHF8v-4cYe3Ww	karaoke	False
sbW8qHJgzEIH42B0S-3New	dj	False
tv8cS4aaA1VDaInYgggb6g	dj	False
EoAY1JSVeJriBzId8lUQwQ	dj	False
